Film	Chapter	Character	Race	Words
The Fellowship Of The Ring	01: Prologue	Bilbo	Hobbit	4
The Fellowship Of The Ring	01: Prologue	Elrond	Elf	5
The Fellowship Of The Ring	01: Prologue	Galadriel	Elf	460
The Fellowship Of The Ring	02: Concerning Hobbits	Bilbo	Hobbit	214
The Fellowship Of The Ring	03: The Shire	Bilbo	Hobbit	70
The Fellowship Of The Ring	03: The Shire	Frodo	Hobbit	128
The Fellowship Of The Ring	03: The Shire	Gandalf	Wizard	197
The Fellowship Of The Ring	03: The Shire	Hobbit Kids	Hobbit	10
The Fellowship Of The Ring	03: The Shire	Hobbits	Hobbit	12
The Fellowship Of The Ring	04: Very Old Friends	Bilbo	Hobbit	339
The Fellowship Of The Ring	04: Very Old Friends	Gandalf	Wizard	64
The Fellowship Of The Ring	04: Very Old Friends	Lobelia Sackville-Baggins	Hobbit	8
The Fellowship Of The Ring	05: A Long Expected Party	Bilbo	Hobbit	326
The Fellowship Of The Ring	05: A Long Expected Party	Frodo	Hobbit	32
The Fellowship Of The Ring	05: A Long Expected Party	Gandalf	Wizard	12
The Fellowship Of The Ring	05: A Long Expected Party	Hobbits	Hobbit	8
The Fellowship Of The Ring	05: A Long Expected Party	Lobelia Sackville-Baggins	Hobbit	1
The Fellowship Of The Ring	05: A Long Expected Party	Merry	Hobbit	19
The Fellowship Of The Ring	05: A Long Expected Party	Mrs. Bracegirdle	Hobbit	2
The Fellowship Of The Ring	05: A Long Expected Party	Pippin	Hobbit	15
The Fellowship Of The Ring	05: A Long Expected Party	Proudfoot	Hobbit	1
The Fellowship Of The Ring	05: A Long Expected Party	Sam	Hobbit	7
The Fellowship Of The Ring	06: Farewell Dear Bilbo	Bilbo	Hobbit	182
The Fellowship Of The Ring	06: Farewell Dear Bilbo	Gandalf	Wizard	148
The Fellowship Of The Ring	07: Keep It Secret, Keep It Safe	Bilbo	Hobbit	6
The Fellowship Of The Ring	07: Keep It Secret, Keep It Safe	Frodo	Hobbit	33
The Fellowship Of The Ring	07: Keep It Secret, Keep It Safe	Gandalf	Wizard	60
The Fellowship Of The Ring	08: The Account of Isildur	Gandalf	Wizard	107
The Fellowship Of The Ring	08: The Account of Isildur	Hobbits	Hobbit	12
The Fellowship Of The Ring	09: At The Green Dragon	Frodo	Hobbit	17
The Fellowship Of The Ring	09: At The Green Dragon	Gaffer	Hobbit	21
The Fellowship Of The Ring	09: At The Green Dragon	Hobbits	Hobbit	53
The Fellowship Of The Ring	09: At The Green Dragon	Merry	Hobbit	53
The Fellowship Of The Ring	09: At The Green Dragon	Pippin	Hobbit	61
The Fellowship Of The Ring	09: At The Green Dragon	Rosie	Hobbit	3
The Fellowship Of The Ring	09: At The Green Dragon	Sam	Hobbit	10
The Fellowship Of The Ring	09: At The Green Dragon	Sandyman	Hobbit	17
The Fellowship Of The Ring	09: At The Green Dragon	Ted	Hobbit	55
The Fellowship Of The Ring	10: The Shadow Of The Past	Bilbo	Hobbit	28
The Fellowship Of The Ring	10: The Shadow Of The Past	Frodo	Hobbit	139
The Fellowship Of The Ring	10: The Shadow Of The Past	Gandalf	Wizard	541
The Fellowship Of The Ring	10: The Shadow Of The Past	Hobbits	Hobbit	3
The Fellowship Of The Ring	10: The Shadow Of The Past	Sam	Hobbit	84
The Fellowship Of The Ring	11: The Passing Of The Elves	Frodo	Hobbit	43
The Fellowship Of The Ring	11: The Passing Of The Elves	Sam	Hobbit	40
The Fellowship Of The Ring	12: Saruman The White	Gandalf	Wizard	85
The Fellowship Of The Ring	12: Saruman The White	Saruman	Wizard	274
The Fellowship Of The Ring	13: A Shortcut To Mushrooms	Farmer Maggot	Hobbit	21
The Fellowship Of The Ring	13: A Shortcut To Mushrooms	Frodo	Hobbit	37
The Fellowship Of The Ring	13: A Shortcut To Mushrooms	Merry	Hobbit	58
The Fellowship Of The Ring	13: A Shortcut To Mushrooms	Pippin	Hobbit	32
The Fellowship Of The Ring	13: A Shortcut To Mushrooms	Sam	Hobbit	48
The Fellowship Of The Ring	14: Buckleberry Ferry	Frodo	Hobbit	20
The Fellowship Of The Ring	14: Buckleberry Ferry	Merry	Hobbit	43
The Fellowship Of The Ring	14: Buckleberry Ferry	Pippin	Hobbit	14
The Fellowship Of The Ring	14: Buckleberry Ferry	Sam	Hobbit	9
The Fellowship Of The Ring	15: At The Sign of the Prancing Pony	Aragorn	Man	76
The Fellowship Of The Ring	15: At The Sign of the Prancing Pony	Frodo	Hobbit	68
The Fellowship Of The Ring	15: At The Sign of the Prancing Pony	Gatekeeper	Man	38
The Fellowship Of The Ring	15: At The Sign of the Prancing Pony	Innkeeper	Man	76
The Fellowship Of The Ring	15: At The Sign of the Prancing Pony	Man	Man	13
The Fellowship Of The Ring	15: At The Sign of the Prancing Pony	Merry	Hobbit	6
The Fellowship Of The Ring	15: At The Sign of the Prancing Pony	Pippin	Hobbit	39
The Fellowship Of The Ring	15: At The Sign of the Prancing Pony	Sam	Hobbit	30
The Fellowship Of The Ring	15: At The Sign of the Prancing Pony	Voice Of The Ring	Wizard	19
The Fellowship Of The Ring	16: The Nazgul	Aragorn	Man	96
The Fellowship Of The Ring	16: The Nazgul	Frodo	Hobbit	29
The Fellowship Of The Ring	16: The Nazgul	Merry	Hobbit	28
The Fellowship Of The Ring	16: The Nazgul	Pippin	Hobbit	25
The Fellowship Of The Ring	16: The Nazgul	Sam	Hobbit	17
The Fellowship Of The Ring	17: The Midgewater Marshes	Aragorn	Man	33
The Fellowship Of The Ring	17: The Midgewater Marshes	Frodo	Hobbit	12
The Fellowship Of The Ring	17: The Midgewater Marshes	Merry	Hobbit	9
The Fellowship Of The Ring	18: The Spoiling Of Isengard	Orc	Orc	20
The Fellowship Of The Ring	18: The Spoiling Of Isengard	Saruman	Wizard	22
The Fellowship Of The Ring	18: The Spoiling Of Isengard	Voice Of Sauron	Wizard	7
The Fellowship Of The Ring	19: A Knife In The Dark	Aragorn	Man	53
The Fellowship Of The Ring	19: A Knife In The Dark	Frodo	Hobbit	16
The Fellowship Of The Ring	19: A Knife In The Dark	Merry	Hobbit	13
The Fellowship Of The Ring	19: A Knife In The Dark	Pippin	Hobbit	12
The Fellowship Of The Ring	19: A Knife In The Dark	Sam	Hobbit	24
The Fellowship Of The Ring	20: The Caverns Of Isengard	Gandalf	Wizard	5
The Fellowship Of The Ring	21: Flight To The Ford	Aragorn	Man	48
The Fellowship Of The Ring	21: Flight To The Ford	Arwen	Elf	131
The Fellowship Of The Ring	21: Flight To The Ford	Merry	Hobbit	5
The Fellowship Of The Ring	21: Flight To The Ford	Pippin	Hobbit	9
The Fellowship Of The Ring	21: Flight To The Ford	Sam	Hobbit	34
The Fellowship Of The Ring	22: Rivendell	Elrond	Elf	7
The Fellowship Of The Ring	23: Many Meetings	Bilbo	Hobbit	36
The Fellowship Of The Ring	23: Many Meetings	Elrond	Elf	5
The Fellowship Of The Ring	23: Many Meetings	Frodo	Hobbit	107
The Fellowship Of The Ring	23: Many Meetings	Gandalf	Wizard	104
The Fellowship Of The Ring	23: Many Meetings	Sam	Hobbit	63
The Fellowship Of The Ring	23: Many Meetings	Saruman	Wizard	33
The Fellowship Of The Ring	24: The Fate Of The Ring	Elrond	Elf	260
The Fellowship Of The Ring	24: The Fate Of The Ring	Gandalf	Wizard	102
The Fellowship Of The Ring	24: The Fate Of The Ring	Isildur	Man	1
The Fellowship Of The Ring	25: The Sword That Was Broken	Aragorn	Man	25
The Fellowship Of The Ring	25: The Sword That Was Broken	Arwen	Elf	47
The Fellowship Of The Ring	25: The Sword That Was Broken	Boromir	Man	39
The Fellowship Of The Ring	26: The Evenstar	Aragorn	Man	24
The Fellowship Of The Ring	26: The Evenstar	Arwen	Elf	57
The Fellowship Of The Ring	27: The Council Of Elrond	Aragorn	Man	40
The Fellowship Of The Ring	27: The Council Of Elrond	Boromir	Man	220
The Fellowship Of The Ring	27: The Council Of Elrond	Elrond	Elf	167
The Fellowship Of The Ring	27: The Council Of Elrond	Frodo	Hobbit	24
The Fellowship Of The Ring	27: The Council Of Elrond	Gandalf	Wizard	85
The Fellowship Of The Ring	27: The Council Of Elrond	Gimli	Dwarf	38
The Fellowship Of The Ring	27: The Council Of Elrond	Legolas	Elf	34
The Fellowship Of The Ring	27: The Council Of Elrond	Man	Man	4
The Fellowship Of The Ring	27: The Council Of Elrond	Merry	Hobbit	24
The Fellowship Of The Ring	27: The Council Of Elrond	Pippin	Hobbit	18
The Fellowship Of The Ring	27: The Council Of Elrond	Sam	Hobbit	8
The Fellowship Of The Ring	27: The Council Of Elrond	Voice Of The Ring	Wizard	12
The Fellowship Of The Ring	28: Gilraen's Memorial	Aragorn	Man	11
The Fellowship Of The Ring	28: Gilraen's Memorial	Elrond	Elf	65
The Fellowship Of The Ring	29: Bilbo's Gifts	Bilbo	Hobbit	105
The Fellowship Of The Ring	29: Bilbo's Gifts	Frodo	Hobbit	3
The Fellowship Of The Ring	30: The Departure Of The Fellowship	Elrond	Elf	48
The Fellowship Of The Ring	30: The Departure Of The Fellowship	Frodo	Hobbit	7
The Fellowship Of The Ring	30: The Departure Of The Fellowship	Gandalf	Wizard	7
The Fellowship Of The Ring	31: The Ring Goes South	Aragorn	Man	12
The Fellowship Of The Ring	31: The Ring Goes South	Boromir	Man	15
The Fellowship Of The Ring	31: The Ring Goes South	Gandalf	Wizard	68
The Fellowship Of The Ring	31: The Ring Goes South	Gimli	Dwarf	47
The Fellowship Of The Ring	31: The Ring Goes South	Legolas	Elf	3
The Fellowship Of The Ring	31: The Ring Goes South	Merry	Hobbit	17
The Fellowship Of The Ring	31: The Ring Goes South	Pippin	Hobbit	10
The Fellowship Of The Ring	31: The Ring Goes South	Sam	Hobbit	3
The Fellowship Of The Ring	32: The Pass Of Caradhras	Aragorn	Man	30
The Fellowship Of The Ring	32: The Pass Of Caradhras	Boromir	Man	61
The Fellowship Of The Ring	32: The Pass Of Caradhras	Frodo	Hobbit	6
The Fellowship Of The Ring	32: The Pass Of Caradhras	Gandalf	Wizard	18
The Fellowship Of The Ring	32: The Pass Of Caradhras	Gimli	Dwarf	19
The Fellowship Of The Ring	32: The Pass Of Caradhras	Legolas	Elf	8
The Fellowship Of The Ring	32: The Pass Of Caradhras	Saruman	Wizard	68
The Fellowship Of The Ring	33: Moria	Aragorn	Man	31
The Fellowship Of The Ring	33: Moria	Boromir	Man	31
The Fellowship Of The Ring	33: Moria	Frodo	Hobbit	30
The Fellowship Of The Ring	33: Moria	Gandalf	Wizard	202
The Fellowship Of The Ring	33: Moria	Gimli	Dwarf	52
The Fellowship Of The Ring	33: Moria	Legolas	Elf	7
The Fellowship Of The Ring	33: Moria	Merry	Hobbit	9
The Fellowship Of The Ring	33: Moria	Pippin	Hobbit	11
The Fellowship Of The Ring	33: Moria	Sam	Hobbit	7
The Fellowship Of The Ring	34: A Journey In The Dark	Frodo	Hobbit	39
The Fellowship Of The Ring	34: A Journey In The Dark	Gandalf	Wizard	349
The Fellowship Of The Ring	34: A Journey In The Dark	Gimli	Dwarf	6
The Fellowship Of The Ring	34: A Journey In The Dark	Merry	Hobbit	8
The Fellowship Of The Ring	34: A Journey In The Dark	Pippin	Hobbit	10
The Fellowship Of The Ring	34: A Journey In The Dark	Sam	Hobbit	7
The Fellowship Of The Ring	35: Balin's Tomb	Aragorn	Man	22
The Fellowship Of The Ring	35: Balin's Tomb	Boromir	Man	5
The Fellowship Of The Ring	35: Balin's Tomb	Frodo	Hobbit	8
The Fellowship Of The Ring	35: Balin's Tomb	Gandalf	Wizard	89
The Fellowship Of The Ring	35: Balin's Tomb	Gimli	Dwarf	37
The Fellowship Of The Ring	35: Balin's Tomb	Legolas	Elf	8
The Fellowship Of The Ring	35: Balin's Tomb	Sam	Hobbit	13
The Fellowship Of The Ring	36: The Bridge Of Khazad-dûm	Aragorn	Man	45
The Fellowship Of The Ring	36: The Bridge Of Khazad-dûm	Boromir	Man	17
The Fellowship Of The Ring	36: The Bridge Of Khazad-dûm	Frodo	Hobbit	4
The Fellowship Of The Ring	36: The Bridge Of Khazad-dûm	Gandalf	Wizard	83
The Fellowship Of The Ring	36: The Bridge Of Khazad-dûm	Gimli	Dwarf	7
The Fellowship Of The Ring	36: The Bridge Of Khazad-dûm	Legolas	Elf	4
The Fellowship Of The Ring	37: Lothlorien	Aragorn	Man	26
The Fellowship Of The Ring	37: Lothlorien	Boromir	Man	27
The Fellowship Of The Ring	37: Lothlorien	Galadriel	Elf	19
The Fellowship Of The Ring	37: Lothlorien	Gimli	Dwarf	84
The Fellowship Of The Ring	37: Lothlorien	Haldir	Elf	51
The Fellowship Of The Ring	37: Lothlorien	Legolas	Elf	7
The Fellowship Of The Ring	37: Lothlorien	Sam	Hobbit	2
The Fellowship Of The Ring	38: Caras Galadhon	Aragorn	Man	16
The Fellowship Of The Ring	38: Caras Galadhon	Boromir	Man	149
The Fellowship Of The Ring	38: Caras Galadhon	Celeborn	Elf	61
The Fellowship Of The Ring	38: Caras Galadhon	Galadriel	Elf	135
The Fellowship Of The Ring	38: Caras Galadhon	Haldir	Elf	19
The Fellowship Of The Ring	38: Caras Galadhon	Legolas	Elf	41
The Fellowship Of The Ring	38: Caras Galadhon	Merry	Hobbit	6
The Fellowship Of The Ring	38: Caras Galadhon	Sam	Hobbit	49
The Fellowship Of The Ring	39: The Mirror Of Galadriel	Frodo	Hobbit	36
The Fellowship Of The Ring	39: The Mirror Of Galadriel	Galadriel	Elf	214
The Fellowship Of The Ring	40: The Fighting Uruk-hai	Lurtz	Orc	1
The Fellowship Of The Ring	40: The Fighting Uruk-hai	Saruman	Wizard	83
The Fellowship Of The Ring	41: Farewell To Lorien	Aragorn	Man	13
The Fellowship Of The Ring	41: Farewell To Lorien	Celeborn	Elf	99
The Fellowship Of The Ring	41: Farewell To Lorien	Galadriel	Elf	166
The Fellowship Of The Ring	41: Farewell To Lorien	Gimli	Dwarf	81
The Fellowship Of The Ring	41: Farewell To Lorien	Legolas	Elf	20
The Fellowship Of The Ring	41: Farewell To Lorien	Merry	Hobbit	5
The Fellowship Of The Ring	41: Farewell To Lorien	Pippin	Hobbit	1
The Fellowship Of The Ring	41: Farewell To Lorien	Sam	Hobbit	13
The Fellowship Of The Ring	42: The Great River	Aragorn	Man	64
The Fellowship Of The Ring	42: The Great River	Boromir	Man	103
The Fellowship Of The Ring	42: The Great River	Frodo	Hobbit	16
The Fellowship Of The Ring	42: The Great River	Sam	Hobbit	37
The Fellowship Of The Ring	43: Parth Galen	Aragorn	Man	79
The Fellowship Of The Ring	43: Parth Galen	Boromir	Man	202
The Fellowship Of The Ring	43: Parth Galen	Frodo	Hobbit	54
The Fellowship Of The Ring	43: Parth Galen	Gimli	Dwarf	48
The Fellowship Of The Ring	43: Parth Galen	Legolas	Elf	31
The Fellowship Of The Ring	43: Parth Galen	Merry	Hobbit	2
The Fellowship Of The Ring	43: Parth Galen	Voice Of The Ring	Wizard	3
The Fellowship Of The Ring	44: The Breaking Of The Fellowship	Aragorn	Man	2
The Fellowship Of The Ring	44: The Breaking Of The Fellowship	Boromir	Man	2
The Fellowship Of The Ring	44: The Breaking Of The Fellowship	Legolas	Elf	6
The Fellowship Of The Ring	44: The Breaking Of The Fellowship	Lurtz	Orc	6
The Fellowship Of The Ring	44: The Breaking Of The Fellowship	Merry	Hobbit	18
The Fellowship Of The Ring	44: The Breaking Of The Fellowship	Pippin	Hobbit	17
The Fellowship Of The Ring	44: The Breaking Of The Fellowship	Sam	Hobbit	2
The Fellowship Of The Ring	45: The Departure Of Boromir	Aragorn	Man	72
The Fellowship Of The Ring	45: The Departure Of Boromir	Boromir	Man	72
The Fellowship Of The Ring	46: The Road Goes Ever On…	Aragorn	Man	102
The Fellowship Of The Ring	46: The Road Goes Ever On…	Frodo	Hobbit	59
The Fellowship Of The Ring	46: The Road Goes Ever On…	Gandalf	Wizard	34
The Fellowship Of The Ring	46: The Road Goes Ever On…	Gimli	Dwarf	12
The Fellowship Of The Ring	46: The Road Goes Ever On…	Legolas	Elf	15
The Fellowship Of The Ring	46: The Road Goes Ever On…	Sam	Hobbit	50
The Two Towers	01: The Foundations Of Stone	Boromir	Man	2
The Two Towers	01: The Foundations Of Stone	Frodo	Hobbit	9
The Two Towers	01: The Foundations Of Stone	Gandalf	Wizard	39
The Two Towers	01: The Foundations Of Stone	Sam	Hobbit	5
The Two Towers	02: Elven Rope	Frodo	Hobbit	46
The Two Towers	02: Elven Rope	Sam	Hobbit	97
The Two Towers	03: The Taming of Sméagol	Frodo	Hobbit	123
The Two Towers	03: The Taming of Sméagol	Sam	Hobbit	181
The Two Towers	04: The Uruk-Hai	Grishnakh	Orc	10
The Two Towers	04: The Uruk-Hai	Mauhur	Orc	2
The Two Towers	04: The Uruk-Hai	Merry	Hobbit	19
The Two Towers	04: The Uruk-Hai	Pippin	Hobbit	26
The Two Towers	04: The Uruk-Hai	Ugluk	Orc	51
The Two Towers	05: The Three Hunters	Aragorn	Man	59
The Two Towers	05: The Three Hunters	Gimli	Dwarf	35
The Two Towers	05: The Three Hunters	Legolas	Elf	25
The Two Towers	06: The Burning of the Westfold	Eothain	Man	2
The Two Towers	06: The Burning of the Westfold	Freda	Man	24
The Two Towers	06: The Burning of the Westfold	Morwen	Man	37
The Two Towers	06: The Burning of the Westfold	Orc	Orc	29
The Two Towers	06: The Burning of the Westfold	Saruman	Wizard	187
The Two Towers	06: The Burning of the Westfold	Wild Man	Man	11
The Two Towers	07: Massacre at the Fords of Isen	Eomer	Man	13
The Two Towers	07: Massacre at the Fords of Isen	Rohan Warrior	Man	10
The Two Towers	08: The Banishment of Éomer	Eomer	Man	88
The Two Towers	08: The Banishment of Éomer	Eowyn	Man	8
The Two Towers	08: The Banishment of Éomer	Grima Wormtongue	Man	81
The Two Towers	08: The Banishment of Éomer	Theoden	Man	3
The Two Towers	09: On The Trail Of The Uruk-Hai	Gimli	Dwarf	6
The Two Towers	09: On The Trail Of The Uruk-Hai	Legolas	Elf	13
The Two Towers	10: Night Camp At Fangorn	Grishnakh	Orc	44
The Two Towers	10: Night Camp At Fangorn	Legolas	Elf	10
The Two Towers	10: Night Camp At Fangorn	Merry	Hobbit	68
The Two Towers	10: Night Camp At Fangorn	Orc	Orc	20
The Two Towers	10: Night Camp At Fangorn	Pippin	Hobbit	14
The Two Towers	10: Night Camp At Fangorn	Ugluk	Orc	33
The Two Towers	10: Night Camp At Fangorn	Uruk-hai	Orc	13
The Two Towers	11: The Riders Of Rohan	Aragorn	Man	68
The Two Towers	11: The Riders Of Rohan	Eomer	Man	156
The Two Towers	11: The Riders Of Rohan	Gimli	Dwarf	24
The Two Towers	11: The Riders Of Rohan	Legolas	Elf	7
The Two Towers	12: The Fate Of Merry And Pippin	Aragorn	Man	33
The Two Towers	12: The Fate Of Merry And Pippin	Gimli	Dwarf	16
The Two Towers	12: The Fate Of Merry And Pippin	Merry	Hobbit	3
The Two Towers	13: Treebeard	Grishnakh	Orc	18
The Two Towers	13: Treebeard	Merry	Hobbit	28
The Two Towers	13: Treebeard	Pippin	Hobbit	36
The Two Towers	14: The Passage Of The Marshes	Frodo	Hobbit	54
The Two Towers	14: The Passage Of The Marshes	Sam	Hobbit	69
The Two Towers	15: The White Rider	Aragorn	Man	68
The Two Towers	15: The White Rider	Gandalf	Wizard	298
The Two Towers	15: The White Rider	Gimli	Dwarf	73
The Two Towers	15: The White Rider	Legolas	Elf	63
The Two Towers	16: The Song Of The Entwives	Merry	Hobbit	4
The Two Towers	17: The Heir Of Númenor	Aragorn	Man	7
The Two Towers	17: The Heir Of Númenor	Gandalf	Wizard	226
The Two Towers	18: The Black Gate Is Closed	Frodo	Hobbit	39
The Two Towers	18: The Black Gate Is Closed	Sam	Hobbit	68
The Two Towers	19: Ent Draft	Merry	Hobbit	63
The Two Towers	19: Ent Draft	Pippin	Hobbit	122
The Two Towers	20: The King Of The Golden Hall	Aragorn	Man	18
The Two Towers	20: The King Of The Golden Hall	Eowyn	Man	28
The Two Towers	20: The King Of The Golden Hall	Gandalf	Wizard	151
The Two Towers	20: The King Of The Golden Hall	Gimli	Dwarf	15
The Two Towers	20: The King Of The Golden Hall	Grima Wormtongue	Man	166
The Two Towers	20: The King Of The Golden Hall	Hama	Man	21
The Two Towers	20: The King Of The Golden Hall	Theoden	Man	56
The Two Towers	21: The Funeral Of Théodred	Eowyn	Man	24
The Two Towers	22: Simbelmynë on the Burial Mounds	Gandalf	Wizard	28
The Two Towers	22: Simbelmynë on the Burial Mounds	Theoden	Man	55
The Two Towers	23: The King's Decision	Aragorn	Man	59
The Two Towers	23: The King's Decision	Eowyn	Man	24
The Two Towers	23: The King's Decision	Freda	Man	3
The Two Towers	23: The King's Decision	Gandalf	Wizard	165
The Two Towers	23: The King's Decision	Gimli	Dwarf	21
The Two Towers	23: The King's Decision	Hama	Man	29
The Two Towers	23: The King's Decision	Theoden	Man	49
The Two Towers	24: Brego	Aragorn	Man	22
The Two Towers	24: Brego	Eowyn	Man	36
The Two Towers	24: Brego	Rohan Warrior	Man	13
The Two Towers	25: The Ring Of Barahir	Grima Wormtongue	Man	51
The Two Towers	25: The Ring Of Barahir	Saruman	Wizard	68
The Two Towers	25: The Ring Of Barahir	Theoden	Man	18
The Two Towers	26: A Daughter Of Kings	Aragorn	Man	31
The Two Towers	26: A Daughter Of Kings	Eowyn	Man	45
The Two Towers	27: Exodus From Edoras	Grima Wormtongue	Man	52
The Two Towers	27: Exodus From Edoras	Saruman	Wizard	4
The Two Towers	28: The Forests Of Ithilien	Frodo	Hobbit	81
The Two Towers	28: The Forests Of Ithilien	Sam	Hobbit	87
The Two Towers	30: Of Herbs And Stewed Rabbit	Faramir	Man	76
The Two Towers	30: Of Herbs And Stewed Rabbit	Frodo	Hobbit	39
The Two Towers	30: Of Herbs And Stewed Rabbit	Sam	Hobbit	91
The Two Towers	31: Dwarf Women	Aragorn	Man	3
The Two Towers	31: Dwarf Women	Gimli	Dwarf	68
The Two Towers	32: One of the Dúnedain	Aragorn	Man	33
The Two Towers	32: One of the Dúnedain	Eowyn	Man	76
The Two Towers	32: One of the Dúnedain	Gimli	Dwarf	6
The Two Towers	32: One of the Dúnedain	Theoden	Man	59
The Two Towers	33: The Evenstar	Aragorn	Man	97
The Two Towers	33: The Evenstar	Arwen	Elf	119
The Two Towers	33: The Evenstar	Elrond	Elf	55
The Two Towers	33: The Evenstar	Eowyn	Man	11
The Two Towers	34: The Wolves Of Isengard	Aragorn	Man	9
The Two Towers	34: The Wolves Of Isengard	Eowyn	Man	10
The Two Towers	34: The Wolves Of Isengard	Gamling	Man	5
The Two Towers	34: The Wolves Of Isengard	Gimli	Dwarf	45
The Two Towers	34: The Wolves Of Isengard	Hama	Man	3
The Two Towers	34: The Wolves Of Isengard	Legolas	Elf	5
The Two Towers	34: The Wolves Of Isengard	Snaga	Orc	10
The Two Towers	34: The Wolves Of Isengard	Theoden	Man	50
The Two Towers	35: Helm's Deep	Eowyn	Man	22
The Two Towers	35: Helm's Deep	Freda	Man	1
The Two Towers	35: Helm's Deep	Gamling	Man	14
The Two Towers	35: Helm's Deep	Gimli	Dwarf	4
The Two Towers	35: Helm's Deep	Morwen	Man	2
The Two Towers	35: Helm's Deep	Rohan Maiden	Man	15
The Two Towers	35: Helm's Deep	Rohan Warrior	Man	22
The Two Towers	35: Helm's Deep	Theoden	Man	49
The Two Towers	36: Isengard Unleashed	Grima Wormtongue	Man	66
The Two Towers	36: Isengard Unleashed	Merry	Hobbit	8
The Two Towers	36: Isengard Unleashed	Pippin	Hobbit	9
The Two Towers	36: Isengard Unleashed	Saruman	Wizard	50
The Two Towers	37: The Grace Of The Valar	Arwen	Elf	8
The Two Towers	38: Arwen's Fate	Arwen	Elf	14
The Two Towers	38: Arwen's Fate	Elrond	Elf	188
The Two Towers	39: The Story Foreseen From Lórien	Galadriel	Elf	190
The Two Towers	40: The Windows On The West	Faramir	Man	143
The Two Towers	40: The Windows On The West	Frodo	Hobbit	75
The Two Towers	40: The Windows On The West	Gondor Man	Man	63
The Two Towers	40: The Windows On The West	Sam	Hobbit	8
The Two Towers	41: Sons Of The Steward	Boromir	Man	132
The Two Towers	41: Sons Of The Steward	Crowd	Man	6
The Two Towers	41: Sons Of The Steward	Denethor	Man	250
The Two Towers	41: Sons Of The Steward	Faramir	Man	35
The Two Towers	42: The Forbidden Pool	Faramir	Man	92
The Two Towers	42: The Forbidden Pool	Frodo	Hobbit	89
The Two Towers	42: The Forbidden Pool	Gondor Man	Man	16
The Two Towers	42: The Forbidden Pool	Sam	Hobbit	64
The Two Towers	43: Aragorn's Return	Aragorn	Man	69
The Two Towers	43: Aragorn's Return	Gamling	Man	9
The Two Towers	43: Aragorn's Return	Gimli	Dwarf	51
The Two Towers	43: Aragorn's Return	Legolas	Elf	5
The Two Towers	43: Aragorn's Return	Rohan Maiden	Man	2
The Two Towers	43: Aragorn's Return	Theoden	Man	206
The Two Towers	44: Entmoot	Merry	Hobbit	6
The Two Towers	45: The Glittering Caves	Aragorn	Man	78
The Two Towers	45: The Glittering Caves	Eowyn	Man	65
The Two Towers	45: The Glittering Caves	Gimli	Dwarf	13
The Two Towers	45: The Glittering Caves	Legolas	Elf	36
The Two Towers	45: The Glittering Caves	Rohan Warrior	Man	12
The Two Towers	46: Where Is The Horse And The Rider	Gamling	Man	30
The Two Towers	46: Where Is The Horse And The Rider	Theoden	Man	64
The Two Towers	47: Don't Be Hasty, Master Meriadoc!	Merry	Hobbit	18
The Two Towers	47: Don't Be Hasty, Master Meriadoc!	Pippin	Hobbit	7
The Two Towers	48: The Host Of The Eldar	Aragorn	Man	34
The Two Towers	48: The Host Of The Eldar	Gimli	Dwarf	14
The Two Towers	48: The Host Of The Eldar	Haldir	Elf	37
The Two Towers	48: The Host Of The Eldar	Haleth	Man	23
The Two Towers	48: The Host Of The Eldar	Legolas	Elf	24
The Two Towers	48: The Host Of The Eldar	Rohan Warrior	Man	17
The Two Towers	48: The Host Of The Eldar	Theoden	Man	4
The Two Towers	49: The Battle Of The Hornburg	Aragorn	Man	18
The Two Towers	49: The Battle Of The Hornburg	Gamling	Man	1
The Two Towers	49: The Battle Of The Hornburg	Gimli	Dwarf	50
The Two Towers	49: The Battle Of The Hornburg	Legolas	Elf	37
The Two Towers	49: The Battle Of The Hornburg	Rohan Warrior	Man	1
The Two Towers	49: The Battle Of The Hornburg	Theoden	Man	7
The Two Towers	50: Old Entish	Merry	Hobbit	30
The Two Towers	50: Old Entish	Pippin	Hobbit	5
The Two Towers	51: The Breach Of The Deeping Wall	Aragorn	Man	12
The Two Towers	51: The Breach Of The Deeping Wall	Gimli	Dwarf	6
The Two Towers	51: The Breach Of The Deeping Wall	Theoden	Man	17
The Two Towers	52: The Entmoot Decides	Merry	Hobbit	58
The Two Towers	52: The Entmoot Decides	Pippin	Hobbit	29
The Two Towers	53: The Retreat To The Hornburg	Aragorn	Man	31
The Two Towers	53: The Retreat To The Hornburg	Gamling	Man	6
The Two Towers	53: The Retreat To The Hornburg	Gimli	Dwarf	34
The Two Towers	53: The Retreat To The Hornburg	Legolas	Elf	1
The Two Towers	53: The Retreat To The Hornburg	Rohan Warrior	Man	22
The Two Towers	53: The Retreat To The Hornburg	Theoden	Man	58
The Two Towers	54: Master Peregrin's Plan	Merry	Hobbit	6
The Two Towers	54: Master Peregrin's Plan	Pippin	Hobbit	46
The Two Towers	55: Osgiliath	Faramir	Man	1
The Two Towers	55: Osgiliath	Frodo	Hobbit	23
The Two Towers	55: Osgiliath	Gondor Man	Man	6
The Two Towers	56: The Last March Of The Ents	Merry	Hobbit	5
The Two Towers	56: The Last March Of The Ents	Pippin	Hobbit	8
The Two Towers	57: The Nazgûl Attack	Faramir	Man	31
The Two Towers	57: The Nazgûl Attack	Frodo	Hobbit	15
The Two Towers	57: The Nazgûl Attack	Gondor Man	Man	20
The Two Towers	57: The Nazgûl Attack	Sam	Hobbit	53
The Two Towers	58: Forth Eorlingas	Aragorn	Man	73
The Two Towers	58: Forth Eorlingas	Eomer	Man	6
The Two Towers	58: Forth Eorlingas	Gamling	Man	20
The Two Towers	58: Forth Eorlingas	Gandalf	Wizard	21
The Two Towers	58: Forth Eorlingas	Gimli	Dwarf	5
The Two Towers	58: Forth Eorlingas	Rohan Maiden	Man	7
The Two Towers	58: Forth Eorlingas	Theoden	Man	63
The Two Towers	59: The Flooding Of Isengard	Merry	Hobbit	3
The Two Towers	59: The Flooding Of Isengard	Pippin	Hobbit	1
The Two Towers	60: The Tales That Really Mattered…	Faramir	Man	16
The Two Towers	60: The Tales That Really Mattered…	Frodo	Hobbit	12
The Two Towers	60: The Tales That Really Mattered…	Gondor Man	Man	22
The Two Towers	60: The Tales That Really Mattered…	Sam	Hobbit	186
The Two Towers	60: The Tales That Really Mattered…	Theoden	Man	4
The Two Towers	61: Fangorn Comes To Helm's Deep	Eomer	Man	10
The Two Towers	62: The Final Tally	Gimli	Dwarf	35
The Two Towers	62: The Final Tally	Legolas	Elf	7
The Two Towers	63: Flotsam And Jetsam	Merry	Hobbit	77
The Two Towers	63: Flotsam And Jetsam	Pippin	Hobbit	56
The Two Towers	64: Farewell To Faramir	Faramir	Man	95
The Two Towers	64: Farewell To Faramir	Frodo	Hobbit	18
The Two Towers	64: Farewell To Faramir	Sam	Hobbit	54
The Two Towers	65: The Battle For Middle Earth Is About To Begin	Frodo	Hobbit	30
The Two Towers	65: The Battle For Middle Earth Is About To Begin	Gandalf	Wizard	36
The Two Towers	65: The Battle For Middle Earth Is About To Begin	Sam	Hobbit	69
The Two Towers	66: Gollum's Plan	Frodo	Hobbit	11
The Two Towers	66: Gollum's Plan	Sam	Hobbit	12
The Return Of The King	01: The Finding Of The Ring	Deagol	Hobbit	13
The Return Of The King	02: Journey To The Cross-roads	Frodo	Hobbit	18
The Return Of The King	02: Journey To The Cross-roads	Sam	Hobbit	77
The Return Of The King	03: The Road To Isengard	Gandalf	Wizard	1
The Return Of The King	03: The Road To Isengard	Gimli	Dwarf	22
The Return Of The King	03: The Road To Isengard	Merry	Hobbit	36
The Return Of The King	03: The Road To Isengard	Pippin	Hobbit	51
The Return Of The King	04: The Voice Of Saruman	Aragorn	Man	3
The Return Of The King	04: The Voice Of Saruman	Gandalf	Wizard	111
The Return Of The King	04: The Voice Of Saruman	Gimli	Dwarf	23
The Return Of The King	04: The Voice Of Saruman	Grima Wormtongue	Man	2
The Return Of The King	04: The Voice Of Saruman	Saruman	Wizard	301
The Return Of The King	04: The Voice Of Saruman	Theoden	Man	98
The Return Of The King	05: Return To Edoras	Aragorn	Man	20
The Return Of The King	05: Return To Edoras	Eomer	Man	4
The Return Of The King	05: Return To Edoras	Eowyn	Man	8
The Return Of The King	05: Return To Edoras	Gandalf	Wizard	15
The Return Of The King	05: Return To Edoras	Gimli	Dwarf	40
The Return Of The King	05: Return To Edoras	Legolas	Elf	21
The Return Of The King	05: Return To Edoras	Merry	Hobbit	78
The Return Of The King	05: Return To Edoras	Pippin	Hobbit	73
The Return Of The King	05: Return To Edoras	Rohan Warrior	Man	1
The Return Of The King	05: Return To Edoras	Theoden	Man	52
The Return Of The King	06: Gollum's Villany	Frodo	Hobbit	46
The Return Of The King	06: Gollum's Villany	Sam	Hobbit	65
The Return Of The King	07: Eowyn's Dream	Aragorn	Man	13
The Return Of The King	07: Eowyn's Dream	Eowyn	Man	50
The Return Of The King	08: The Palantir	Aragorn	Man	20
The Return Of The King	08: The Palantir	Gandalf	Wizard	255
The Return Of The King	08: The Palantir	Legolas	Elf	22
The Return Of The King	08: The Palantir	Merry	Hobbit	135
The Return Of The King	08: The Palantir	Pippin	Hobbit	104
The Return Of The King	08: The Palantir	Theoden	Man	22
The Return Of The King	09: Arwen's Vision	Elrond	Elf	36
The Return Of The King	09: Arwen's Vision	Figwit	Elf	7
The Return Of The King	10: The Reforging Of Narsil	Arwen	Elf	100
The Return Of The King	10: The Reforging Of Narsil	Elrond	Elf	30
The Return Of The King	11: Minas Tirith	Denethor	Man	151
The Return Of The King	11: Minas Tirith	Gandalf	Wizard	202
The Return Of The King	11: Minas Tirith	Pippin	Hobbit	36
The Return Of The King	12: The Decline Of Gondor	Gandalf	Wizard	268
The Return Of The King	12: The Decline Of Gondor	Pippin	Hobbit	22
The Return Of The King	13: Cross-roads Of The Fallen King	Frodo	Hobbit	30
The Return Of The King	13: Cross-roads Of The Fallen King	Sam	Hobbit	56
The Return Of The King	14: The Deep Breath Before The Plunge	Gandalf	Wizard	163
The Return Of The King	14: The Deep Breath Before The Plunge	Gondor Man	Man	2
The Return Of The King	14: The Deep Breath Before The Plunge	Pippin	Hobbit	75
The Return Of The King	15: Minas Morgul	Frodo	Hobbit	8
The Return Of The King	15: Minas Morgul	Gandalf	Wizard	20
The Return Of The King	15: Minas Morgul	Sam	Hobbit	5
The Return Of The King	16: Sam's Warning	Frodo	Hobbit	4
The Return Of The King	16: Sam's Warning	Sam	Hobbit	61
The Return Of The King	17: Pippin's Task	Gandalf	Wizard	30
The Return Of The King	18: Osgiliath Invaded	Damrod	Man	3
The Return Of The King	18: Osgiliath Invaded	Faramir	Man	18
The Return Of The King	18: Osgiliath Invaded	Gondor Man	Man	7
The Return Of The King	18: Osgiliath Invaded	Gothmog	Orc	6
The Return Of The King	18: Osgiliath Invaded	Madril	Man	28
The Return Of The King	19: The Lighting Of The Beacons	Gandalf	Wizard	5
The Return Of The King	19: The Lighting Of The Beacons	Gondor Man	Man	10
The Return Of The King	20: Theoren's Decision	Aragorn	Man	18
The Return Of The King	20: Theoren's Decision	Eomer	Man	21
The Return Of The King	20: Theoren's Decision	Eowyn	Man	36
The Return Of The King	20: Theoren's Decision	Gamling	Man	4
The Return Of The King	20: Theoren's Decision	Gimli	Dwarf	15
The Return Of The King	20: Theoren's Decision	Legolas	Elf	19
The Return Of The King	20: Theoren's Decision	Merry	Hobbit	16
The Return Of The King	20: Theoren's Decision	Rohan Warrior	Man	3
The Return Of The King	20: Theoren's Decision	Theoden	Man	73
The Return Of The King	21: The Fall of Osgiliath	Damrod	Man	1
The Return Of The King	21: The Fall of Osgiliath	Faramir	Man	66
The Return Of The King	21: The Fall of Osgiliath	Gandalf	Wizard	34
The Return Of The King	21: The Fall of Osgiliath	Gondor Man	Man	17
The Return Of The King	21: The Fall of Osgiliath	Gothmog	Orc	13
The Return Of The King	21: The Fall of Osgiliath	Irolas	Man	13
The Return Of The King	21: The Fall of Osgiliath	Madril	Man	8
The Return Of The King	21: The Fall of Osgiliath	Pippin	Hobbit	15
The Return Of The King	22: The Wizard's Pupil	Denethor	Man	114
The Return Of The King	22: The Wizard's Pupil	Faramir	Man	72
The Return Of The King	23: The Stairs Of Cirith Ungol	Sam	Hobbit	8
The Return Of The King	24: Courage Is The Best Defense	Gandalf	Wizard	9
The Return Of The King	24: Courage Is The Best Defense	Gondor Man	Man	9
The Return Of The King	24: Courage Is The Best Defense	Gothmog	Orc	4
The Return Of The King	25: Peregrin Of The Tower Guard	Faramir	Man	80
The Return Of The King	25: Peregrin Of The Tower Guard	Pippin	Hobbit	66
The Return Of The King	26: Allegiance To Denethor	Denethor	Man	89
The Return Of The King	26: Allegiance To Denethor	Faramir	Man	53
The Return Of The King	26: Allegiance To Denethor	Pippin	Hobbit	32
The Return Of The King	27: The Parting Of Sam & Frodo	Frodo	Hobbit	43
The Return Of The King	27: The Parting Of Sam & Frodo	Sam	Hobbit	184
The Return Of The King	28: The Sacrifice Of Faramir	Denethor	Man	20
The Return Of The King	28: The Sacrifice Of Faramir	Faramir	Man	31
The Return Of The King	28: The Sacrifice Of Faramir	Gandalf	Wizard	29
The Return Of The King	28: The Sacrifice Of Faramir	Orc	Orc	5
The Return Of The King	28: The Sacrifice Of Faramir	Pippin	Hobbit	59
The Return Of The King	29: Marshalling At Dunharrow	Aragorn	Man	26
The Return Of The King	29: Marshalling At Dunharrow	Eomer	Man	89
The Return Of The King	29: Marshalling At Dunharrow	Eowyn	Man	56
The Return Of The King	29: Marshalling At Dunharrow	Gimli	Dwarf	12
The Return Of The King	29: Marshalling At Dunharrow	Grimhold	Man	9
The Return Of The King	29: Marshalling At Dunharrow	Legolas	Elf	21
The Return Of The King	29: Marshalling At Dunharrow	Merry	Hobbit	12
The Return Of The King	29: Marshalling At Dunharrow	Rohan Warrior	Man	30
The Return Of The King	29: Marshalling At Dunharrow	Theoden	Man	24
The Return Of The King	30: Anduril - Flame Of The West	Aragorn	Man	54
The Return Of The King	30: Anduril - Flame Of The West	Arwen	Elf	15
The Return Of The King	30: Anduril - Flame Of The West	Elrond	Elf	168
The Return Of The King	30: Anduril - Flame Of The West	Rohan Warrior	Man	7
The Return Of The King	30: Anduril - Flame Of The West	Theoden	Man	4
The Return Of The King	31: Aragorn Takes The Paths Of The Dead	Aragorn	Man	42
The Return Of The King	31: Aragorn Takes The Paths Of The Dead	Eowyn	Man	32
The Return Of The King	31: Aragorn Takes The Paths Of The Dead	Gamling	Man	18
The Return Of The King	31: Aragorn Takes The Paths Of The Dead	Gimli	Dwarf	20
The Return Of The King	31: Aragorn Takes The Paths Of The Dead	Legolas	Elf	9
The Return Of The King	31: Aragorn Takes The Paths Of The Dead	Rohan Warrior	Man	20
The Return Of The King	31: Aragorn Takes The Paths Of The Dead	Theoden	Man	16
The Return Of The King	32: No More Despair	Eowyn	Man	10
The Return Of The King	32: No More Despair	Theoden	Man	60
The Return Of The King	33: Dwimoberg ~ The Haunted Mountain	Aragorn	Man	6
The Return Of The King	33: Dwimoberg ~ The Haunted Mountain	Gimli	Dwarf	45
The Return Of The King	33: Dwimoberg ~ The Haunted Mountain	Legolas	Elf	123
The Return Of The King	34: The Muster Of Rohan	Eomer	Man	8
The Return Of The King	34: The Muster Of Rohan	Eowyn	Man	3
The Return Of The King	34: The Muster Of Rohan	Merry	Hobbit	21
The Return Of The King	34: The Muster Of Rohan	Theoden	Man	63
The Return Of The King	35: The Paths Of The Dead	Aragorn	Man	75
The Return Of The King	35: The Paths Of The Dead	Gimli	Dwarf	43
The Return Of The King	35: The Paths Of The Dead	Legolas	Elf	32
The Return Of The King	36: The Siege Of Gondor	Denethor	Man	40
The Return Of The King	36: The Siege Of Gondor	Gandalf	Wizard	81
The Return Of The King	36: The Siege Of Gondor	Gondor Man	Man	19
The Return Of The King	36: The Siege Of Gondor	Gothmog	Orc	46
The Return Of The King	36: The Siege Of Gondor	Irolas	Man	7
The Return Of The King	36: The Siege Of Gondor	Orc	Orc	25
The Return Of The King	36: The Siege Of Gondor	Pippin	Hobbit	15
The Return Of The King	37: The Corsairs Of Umbar	Aragorn	Man	21
The Return Of The King	37: The Corsairs Of Umbar	Boson	Man	7
The Return Of The King	37: The Corsairs Of Umbar	Gimli	Dwarf	14
The Return Of The King	37: The Corsairs Of Umbar	Mercenary	Man	6
The Return Of The King	38: Shelob's Lair	Frodo	Hobbit	60
The Return Of The King	38: Shelob's Lair	Galadriel	Elf	51
The Return Of The King	38: Shelob's Lair	Sam	Hobbit	1
The Return Of The King	39: Merry's Simple Courage	Eomer	Man	22
The Return Of The King	39: Merry's Simple Courage	Eowyn	Man	10
The Return Of The King	39: Merry's Simple Courage	Merry	Hobbit	83
The Return Of The King	39: Merry's Simple Courage	Theoden	Man	13
The Return Of The King	40: Grond ~ The Hammer Of The Underworld	Gandalf	Wizard	5
The Return Of The King	41: The Tomb Of The Stewards	Denethor	Man	68
The Return Of The King	42: Breaking The Gate Of Gondor	Gandalf	Wizard	21
The Return Of The King	43: The Choices Of Master Samwise Gamgee	Orc	Orc	15
The Return Of The King	43: The Choices Of Master Samwise Gamgee	Sam	Hobbit	48
The Return Of The King	43: The Choices Of Master Samwise Gamgee	Shagrat	Orc	55
The Return Of The King	44: Denethor's Madness	Denethor	Man	36
The Return Of The King	44: Denethor's Madness	Gondor Man	Man	10
The Return Of The King	44: Denethor's Madness	Pippin	Hobbit	17
The Return Of The King	45: The Witch King's Hour	Gandalf	Wizard	48
The Return Of The King	45: The Witch King's Hour	Gondor Man	Man	7
The Return Of The King	45: The Witch King's Hour	Gothmog	Orc	9
The Return Of The King	45: The Witch King's Hour	Pippin	Hobbit	13
The Return Of The King	46: The Ride Of The Rohirrim	Eomer	Man	2
The Return Of The King	46: The Ride Of The Rohirrim	Eowyn	Man	17
The Return Of The King	46: The Ride Of The Rohirrim	Gothmog	Orc	15
The Return Of The King	46: The Ride Of The Rohirrim	Merry	Hobbit	2
The Return Of The King	46: The Ride Of The Rohirrim	Theoden	Man	71
The Return Of The King	47: The Pyre Of Denethor	Denethor	Man	42
The Return Of The King	47: The Pyre Of Denethor	Gandalf	Wizard	9
The Return Of The King	47: The Pyre Of Denethor	Pippin	Hobbit	2
The Return Of The King	48: The Battle Of The Pelennor Fields	Eomer	Man	9
The Return Of The King	48: The Battle Of The Pelennor Fields	Eowyn	Man	8
The Return Of The King	48: The Battle Of The Pelennor Fields	Rohan Warrior	Man	3
The Return Of The King	48: The Battle Of The Pelennor Fields	Theoden	Man	26
The Return Of The King	49: A Far Green Country	Gandalf	Wizard	54
The Return Of The King	49: A Far Green Country	Pippin	Hobbit	17
The Return Of The King	50: The Nazgul And His Prey	Eowyn	Man	8
The Return Of The King	50: The Nazgul And His Prey	Theoden	Man	5
The Return Of The King	51: The Black Ships	Gimli	Dwarf	12
The Return Of The King	51: The Black Ships	Orc	Orc	19
The Return Of The King	52: Shieldmaiden Of Rohan	Eowyn	Man	4
The Return Of The King	53: Victory At Minar Tirith	Aragorn	Man	1
The Return Of The King	53: Victory At Minar Tirith	Eowyn	Man	1
The Return Of The King	53: Victory At Minar Tirith	Gimli	Dwarf	6
The Return Of The King	53: Victory At Minar Tirith	Legolas	Elf	6
The Return Of The King	53: Victory At Minar Tirith	Orc	Orc	5
The Return Of The King	54: The Passing Of Theoden	Eowyn	Man	8
The Return Of The King	54: The Passing Of Theoden	Theoden	Man	38
The Return Of The King	55: Oaths Fulfilled	Aragorn	Man	9
The Return Of The King	55: Oaths Fulfilled	Gimli	Dwarf	15
The Return Of The King	56: The Houses Of Healing	Eomer	Man	3
The Return Of The King	56: The Houses Of Healing	Pippin	Hobbit	1
The Return Of The King	57: Pippin Looks After Merry	Merry	Hobbit	11
The Return Of The King	57: Pippin Looks After Merry	Pippin	Hobbit	16
The Return Of The King	58: The Tower Of Cirith Ungol	Frodo	Hobbit	64
The Return Of The King	58: The Tower Of Cirith Ungol	Grobag	Orc	23
The Return Of The King	58: The Tower Of Cirith Ungol	Sam	Hobbit	96
The Return Of The King	58: The Tower Of Cirith Ungol	Shagrat	Orc	35
The Return Of The King	59: The Last Debate	Aragorn	Man	82
The Return Of The King	59: The Last Debate	Eomer	Man	8
The Return Of The King	59: The Last Debate	Gandalf	Wizard	59
The Return Of The King	59: The Last Debate	Gimli	Dwarf	24
The Return Of The King	59: The Last Debate	Legolas	Elf	2
The Return Of The King	60: Aragorn Masters The Palantir	Aragorn	Man	17
The Return Of The King	61: The Captain And The White Lady	Eowyn	Man	17
The Return Of The King	61: The Captain And The White Lady	Faramir	Man	17
The Return Of The King	62: In The Company Of Orcs	Frodo	Hobbit	16
The Return Of The King	62: In The Company Of Orcs	Orc	Orc	104
The Return Of The King	62: In The Company Of Orcs	Sam	Hobbit	46
The Return Of The King	63: The Land Of Shadow	Frodo	Hobbit	30
The Return Of The King	63: The Land Of Shadow	Sam	Hobbit	56
The Return Of The King	64: The Mouth Of Sauron	Aragorn	Man	23
The Return Of The King	64: The Mouth Of Sauron	Gandalf	Wizard	32
The Return Of The King	64: The Mouth Of Sauron	Gimli	Dwarf	5
The Return Of The King	64: The Mouth Of Sauron	Merry	Hobbit	1
The Return Of The King	64: The Mouth Of Sauron	Mouth Of Sauron	Orc	87
The Return Of The King	64: The Mouth Of Sauron	Pippin	Hobbit	5
The Return Of The King	65: The Black Gate Opens	Aragorn	Man	103
The Return Of The King	65: The Black Gate Opens	Gimli	Dwarf	16
The Return Of The King	65: The Black Gate Opens	Legolas	Elf	8
The Return Of The King	65: The Black Gate Opens	Sam	Hobbit	16
The Return Of The King	66: I Can't Carry It For You… But I Can Carry You	Frodo	Hobbit	44
The Return Of The King	66: I Can't Carry It For You… But I Can Carry You	Sam	Hobbit	85
The Return Of The King	67: The Last Move	Aragorn	Man	2
The Return Of The King	67: The Last Move	Voice Of Sauron	Wizard	2
The Return Of The King	68: Mount Doom	Frodo	Hobbit	9
The Return Of The King	68: Mount Doom	Sam	Hobbit	10
The Return Of The King	69: The Eagles Are Coming	Pippin	Hobbit	6
The Return Of The King	70: The Crack Of Doom	Frodo	Hobbit	7
The Return Of The King	70: The Crack Of Doom	Sam	Hobbit	38
The Return Of The King	71: Sauron Defeated	Merry	Hobbit	2
The Return Of The King	71: Sauron Defeated	Pippin	Hobbit	1
The Return Of The King	72: The End Of All Things	Frodo	Hobbit	37
The Return Of The King	72: The End Of All Things	Sam	Hobbit	31
The Return Of The King	73: The Fellowship Reunited	Frodo	Hobbit	4
The Return Of The King	73: The Fellowship Reunited	Gimli	Dwarf	1
The Return Of The King	73: The Fellowship Reunited	Merry	Hobbit	1
The Return Of The King	74: The Return Of The King	Aragorn	Man	45
The Return Of The King	74: The Return Of The King	Gandalf	Wizard	11
The Return Of The King	75: Homeward Bound	Frodo	Hobbit	98
The Return Of The King	75: Homeward Bound	Hobbits	Hobbit	4
The Return Of The King	75: Homeward Bound	Pippin	Hobbit	2
The Return Of The King	75: Homeward Bound	Rosie	Hobbit	2
The Return Of The King	75: Homeward Bound	Sam	Hobbit	27
The Return Of The King	76: The Grey Havens	Bilbo	Hobbit	56
The Return Of The King	76: The Grey Havens	Elrond	Elf	6
The Return Of The King	76: The Grey Havens	Frodo	Hobbit	132
The Return Of The King	76: The Grey Havens	Galadriel	Elf	17
The Return Of The King	76: The Grey Havens	Gandalf	Wizard	42
The Return Of The King	76: The Grey Havens	Sam	Hobbit	14
